{
  "rmse_all_horizon": 56.45594787597656,
  "mae_all_horizon": 25.96980094909668,
  "r2_all_horizon": 0.9648417830467224,
  "mape_all_horizon_pct": 15.765021324157715,
  "rmse_per_horizon": [
    32.226402282714844,
    39.794944763183594,
    46.3215217590332,
    51.2087287902832,
    55.02397537231445,
    57.13471603393555,
    58.62725830078125,
    58.766544342041016,
    58.961204528808594,
    59.272918701171875,
    58.92481231689453,
    58.364540100097656,
    59.157623291015625,
    59.104183197021484,
    59.88602066040039,
    59.52833938598633,
    59.13243103027344,
    59.098419189453125,
    59.39511489868164,
    58.701168060302734,
    58.71474075317383,
    58.5704231262207,
    58.878440856933594,
    60.19049072265625
  ],
  "mae_per_horizon": [
    14.619806289672852,
    18.227121353149414,
    21.44696807861328,
    23.5826473236084,
    25.142404556274414,
    26.322145462036133,
    27.054973602294922,
    27.255428314208984,
    27.241209030151367,
    27.47492218017578,
    27.296367645263672,
    27.16754722595215,
    27.60639190673828,
    27.47422981262207,
    27.692977905273438,
    27.65806007385254,
    27.548179626464844,
    27.508342742919922,
    27.68616485595703,
    27.451007843017578,
    27.36909294128418,
    27.16678810119629,
    27.30953025817871,
    27.975013732910156
  ],
  "r2_per_horizon": [
    0.9885229468345642,
    0.982503354549408,
    0.9763047099113464,
    0.9710556864738464,
    0.9665982127189636,
    0.963996410369873,
    0.9620938897132874,
    0.9619123935699463,
    0.9616568684577942,
    0.9612486958503723,
    0.9617033004760742,
    0.9624307155609131,
    0.9614042639732361,
    0.9614747762680054,
    0.9604475498199463,
    0.9609184861183167,
    0.9614390134811401,
    0.9614858031272888,
    0.9611007571220398,
    0.9620071053504944,
    0.9619916081428528,
    0.9621789455413818,
    0.9617787003517151,
    0.9600533246994019
  ],
  "mape_per_horizon_pct": [
    9.737290382385254,
    11.841557502746582,
    13.399145126342773,
    14.451789855957031,
    15.216352462768555,
    16.035465240478516,
    16.24102210998535,
    16.578998565673828,
    16.50579071044922,
    16.61600112915039,
    16.265655517578125,
    15.98477840423584,
    16.678306579589844,
    16.956066131591797,
    16.789321899414062,
    16.604759216308594,
    17.080848693847656,
    16.451915740966797,
    16.80881690979004,
    16.553281784057617,
    16.312170028686523,
    16.274309158325195,
    16.249164581298828,
    16.720571517944336
  ],
  "mape_epsilon": 1.0
}