{
  "rmse_all_horizon": 65.90425872802734,
  "mae_all_horizon": 32.49815368652344,
  "r2_all_horizon": 0.9392603039741516,
  "mape_all_horizon_pct": 24.53125,
  "rmse_per_horizon": [
    37.1001091003418,
    46.14155197143555,
    53.66493225097656,
    59.441200256347656,
    63.21843338012695,
    65.61833190917969,
    67.47855377197266,
    68.14353942871094,
    68.78547668457031,
    68.9461441040039,
    69.1673583984375,
    69.46324920654297,
    70.26268768310547,
    69.93928527832031,
    69.79723358154297,
    69.58367156982422,
    69.59877014160156,
    68.97805786132812,
    69.05603790283203,
    68.78924560546875,
    68.93197631835938,
    69.2132568359375,
    69.1025619506836,
    69.04058837890625
  ],
  "mae_per_horizon": [
    18.07654571533203,
    22.86728286743164,
    26.842395782470703,
    29.978336334228516,
    31.57012367248535,
    32.6643180847168,
    33.66869354248047,
    33.91577911376953,
    34.08344268798828,
    34.15516662597656,
    34.367095947265625,
    34.19089126586914,
    34.94612503051758,
    34.97111892700195,
    34.896846771240234,
    34.79229736328125,
    34.61029052734375,
    34.066219329833984,
    34.271270751953125,
    34.17678451538086,
    34.1817626953125,
    34.24187088012695,
    34.184906005859375,
    34.23560333251953
  ],
  "r2_per_horizon": [
    0.9807227849960327,
    0.9701805114746094,
    0.9596694707870483,
    0.9505383372306824,
    0.9440823793411255,
    0.9397884607315063,
    0.9363555908203125,
    0.935112714767456,
    0.9338884353637695,
    0.9335747361183167,
    0.933144748210907,
    0.9325717687606812,
    0.9310154318809509,
    0.9316508769989014,
    0.9319157600402832,
    0.9323127865791321,
    0.9322748184204102,
    0.9334637522697449,
    0.9333010911941528,
    0.9338074922561646,
    0.9335313439369202,
    0.9329922795295715,
    0.9332099556922913,
    0.9333293437957764
  ],
  "mape_per_horizon_pct": [
    14.945094108581543,
    18.82525062561035,
    21.47820472717285,
    23.218429565429688,
    24.1816349029541,
    24.42108917236328,
    25.427141189575195,
    25.624046325683594,
    25.272951126098633,
    25.17913246154785,
    25.463253021240234,
    25.18135643005371,
    26.392236709594727,
    26.382699966430664,
    26.56151008605957,
    26.360950469970703,
    26.2177791595459,
    25.20845603942871,
    25.954294204711914,
    25.788883209228516,
    25.112333297729492,
    25.101926803588867,
    25.176010131835938,
    25.25141143798828
  ],
  "mape_epsilon": 1.0
}