{
  "rmse_all_horizon": 57.2138786315918,
  "mae_all_horizon": 28.417314529418945,
  "r2_all_horizon": 0.952438235282898,
  "mape_all_horizon_pct": 20.773574829101562,
  "rmse_per_horizon": [
    34.51011657714844,
    41.588951110839844,
    47.04218673706055,
    51.76347351074219,
    54.508575439453125,
    56.16836929321289,
    58.08837127685547,
    58.56167221069336,
    59.30644989013672,
    60.06546401977539,
    59.89934539794922,
    59.4448127746582,
    59.69316101074219,
    59.768062591552734,
    60.48118591308594,
    60.85237121582031,
    60.56196975708008,
    60.247047424316406,
    60.33741760253906,
    60.045833587646484,
    60.32005310058594,
    60.303646087646484,
    60.25786590576172,
    60.21946334838867
  ],
  "mae_per_horizon": [
    16.631563186645508,
    20.59152603149414,
    23.6380615234375,
    26.09832000732422,
    27.515064239501953,
    28.233610153198242,
    29.28215789794922,
    29.40070915222168,
    29.78109359741211,
    30.079252243041992,
    30.069446563720703,
    29.73578643798828,
    30.03754425048828,
    30.009807586669922,
    30.265830993652344,
    30.44721794128418,
    30.166229248046875,
    29.86808204650879,
    30.079307556152344,
    29.87009048461914,
    30.04201889038086,
    30.052534103393555,
    30.066036224365234,
    30.05484390258789
  ],
  "r2_per_horizon": [
    0.9826836585998535,
    0.9748519062995911,
    0.9678301811218262,
    0.9610555171966553,
    0.9568219780921936,
    0.9541605710983276,
    0.950980544090271,
    0.9501796960830688,
    0.9489010572433472,
    0.9475821256637573,
    0.9478715062141418,
    0.9486609101295471,
    0.948233962059021,
    0.9481076598167419,
    0.9468638896942139,
    0.9462056159973145,
    0.9467096328735352,
    0.9472631216049194,
    0.9471042156219482,
    0.9476180076599121,
    0.9471421837806702,
    0.9471740126609802,
    0.9472544193267822,
    0.9473192095756531
  ],
  "mape_per_horizon_pct": [
    12.885504722595215,
    16.103254318237305,
    18.447750091552734,
    19.764408111572266,
    20.480003356933594,
    20.338306427001953,
    21.493854522705078,
    21.49793243408203,
    21.18734359741211,
    21.50150489807129,
    21.46993064880371,
    21.22840690612793,
    22.29279899597168,
    22.192943572998047,
    22.30470848083496,
    22.4465389251709,
    22.280349731445312,
    21.254207611083984,
    22.063724517822266,
    21.81804084777832,
    21.279804229736328,
    21.407833099365234,
    21.378801345825195,
    21.43593406677246
  ],
  "mape_epsilon": 1.0
}