{
  "rmse_all_horizon": 59.12596130371094,
  "mae_all_horizon": 28.74318504333496,
  "r2_all_horizon": 0.953014075756073,
  "mape_all_horizon_pct": 20.328014373779297,
  "rmse_per_horizon": [
    35.77878189086914,
    44.54673767089844,
    51.10499572753906,
    55.404666900634766,
    57.915138244628906,
    60.28828811645508,
    61.65279769897461,
    61.64208221435547,
    61.63509750366211,
    61.53829574584961,
    60.78376388549805,
    60.192256927490234,
    61.362491607666016,
    61.94963455200195,
    62.291080474853516,
    62.09276580810547,
    61.23776626586914,
    60.97849655151367,
    61.53734588623047,
    61.15950393676758,
    61.33301544189453,
    61.23482894897461,
    61.52425765991211,
    61.89060974121094
  ],
  "mae_per_horizon": [
    17.199607849121094,
    21.626619338989258,
    24.875823974609375,
    27.177453994750977,
    28.62160873413086,
    29.5975341796875,
    30.199966430664062,
    30.158443450927734,
    30.22508430480957,
    30.165193557739258,
    29.898033142089844,
    29.456884384155273,
    30.043800354003906,
    30.239139556884766,
    30.281982421875,
    30.32219886779785,
    29.837860107421875,
    29.647653579711914,
    30.046178817749023,
    29.92425537109375,
    29.908554077148438,
    29.942358016967773,
    30.13071060180664,
    30.310718536376953
  ],
  "r2_per_horizon": [
    0.9827796816825867,
    0.9733101725578308,
    0.9648845791816711,
    0.9587439894676208,
    0.9549350142478943,
    0.9511758685112,
    0.9489443302154541,
    0.9489613175392151,
    0.948969304561615,
    0.949127733707428,
    0.950368344783783,
    0.9513325095176697,
    0.949424684047699,
    0.9484517574310303,
    0.9478728771209717,
    0.9481844305992126,
    0.9495840668678284,
    0.9499970078468323,
    0.9490712881088257,
    0.949694812297821,
    0.9494125843048096,
    0.949576199054718,
    0.9490970373153687,
    0.9484853744506836
  ],
  "mape_per_horizon_pct": [
    12.632547378540039,
    15.659377098083496,
    17.855955123901367,
    19.302873611450195,
    20.068883895874023,
    20.81020164489746,
    21.04936408996582,
    21.119863510131836,
    21.27203941345215,
    21.139137268066406,
    21.178255081176758,
    20.47750473022461,
    21.249576568603516,
    21.515743255615234,
    21.67850112915039,
    21.71705436706543,
    21.39688491821289,
    20.789888381958008,
    21.48628807067871,
    21.37967872619629,
    21.05677604675293,
    20.99901008605957,
    20.97858428955078,
    21.04871940612793
  ],
  "mape_epsilon": 1.0
}