{
  "rmse_all_horizon": 76.77745819091797,
  "mae_all_horizon": 37.88616943359375,
  "r2_all_horizon": 0.9198893308639526,
  "mape_all_horizon_pct": 28.23830795288086,
  "rmse_per_horizon": [
    43.14159393310547,
    53.37912368774414,
    61.90681838989258,
    67.58319091796875,
    71.74646759033203,
    74.92257690429688,
    77.08930969238281,
    78.2671890258789,
    79.2375259399414,
    79.72107696533203,
    80.13804626464844,
    80.37135314941406,
    80.8497543334961,
    81.23921966552734,
    81.54254150390625,
    81.06790161132812,
    80.90660095214844,
    81.00873565673828,
    81.10249328613281,
    81.95511627197266,
    81.85002899169922,
    82.29673767089844,
    82.85076904296875,
    83.198974609375
  ],
  "mae_per_horizon": [
    20.200328826904297,
    25.76511001586914,
    30.575572967529297,
    33.57404708862305,
    35.66457748413086,
    37.40697479248047,
    38.58025360107422,
    39.18837356567383,
    39.842735290527344,
    39.91657257080078,
    40.061981201171875,
    40.115943908691406,
    40.48637008666992,
    40.557064056396484,
    40.59930419921875,
    40.45463562011719,
    40.29399108886719,
    40.489891052246094,
    40.52458953857422,
    40.853511810302734,
    40.53731918334961,
    41.00365447998047,
    41.19939041137695,
    41.376007080078125
  ],
  "r2_per_horizon": [
    0.9746821522712708,
    0.9612582325935364,
    0.9479202628135681,
    0.9379608631134033,
    0.9300936460494995,
    0.9237658381462097,
    0.919287919998169,
    0.9167985320091248,
    0.914718508720398,
    0.9136735796928406,
    0.9127714037895203,
    0.9122686386108398,
    0.9112229347229004,
    0.91035395860672,
    0.9096620678901672,
    0.9106692671775818,
    0.9109891057014465,
    0.9107453227043152,
    0.9105444550514221,
    0.9086599349975586,
    0.9088984727859497,
    0.9079018831253052,
    0.9066520929336548,
    0.905863344669342
  ],
  "mape_per_horizon_pct": [
    16.24911117553711,
    20.091691970825195,
    23.486328125,
    25.778350830078125,
    26.99342918395996,
    27.871967315673828,
    28.71474838256836,
    29.037105560302734,
    29.819143295288086,
    29.925601959228516,
    30.031558990478516,
    29.871299743652344,
    29.901018142700195,
    29.844968795776367,
    29.981555938720703,
    29.896631240844727,
    29.94510841369629,
    29.48702621459961,
    29.850976943969727,
    30.195898056030273,
    29.903942108154297,
    30.141454696655273,
    30.173030853271484,
    30.514583587646484
  ],
  "mape_epsilon": 1.0
}