{
  "rmse_all_horizon": 61.537139892578125,
  "mae_all_horizon": 30.142770767211914,
  "r2_all_horizon": 0.9467254281044006,
  "mape_all_horizon_pct": 22.492029190063477,
  "rmse_per_horizon": [
    35.318878173828125,
    44.039222717285156,
    50.557281494140625,
    55.31346130371094,
    58.22718811035156,
    61.05811309814453,
    62.87385940551758,
    63.53658676147461,
    64.43783569335938,
    64.51721954345703,
    64.21763610839844,
    64.64944458007812,
    65.1710433959961,
    64.98384094238281,
    64.64664459228516,
    63.951942443847656,
    63.77705383300781,
    64.38483428955078,
    64.84574890136719,
    64.64627075195312,
    65.10603332519531,
    64.96884155273438,
    65.23294830322266,
    65.59674835205078
  ],
  "mae_per_horizon": [
    16.74635124206543,
    21.309152603149414,
    24.74578285217285,
    27.245275497436523,
    28.585905075073242,
    29.950185775756836,
    30.781864166259766,
    31.26771354675293,
    31.752962112426758,
    31.841758728027344,
    31.852622985839844,
    31.869199752807617,
    32.18049621582031,
    32.02871322631836,
    32.065528869628906,
    31.767541885375977,
    31.770835876464844,
    31.986896514892578,
    32.20874786376953,
    32.04719924926758,
    32.2765007019043,
    32.22250747680664,
    32.33495330810547,
    32.590728759765625
  ],
  "r2_per_horizon": [
    0.9824533462524414,
    0.9727187156677246,
    0.9640482664108276,
    0.9569746255874634,
    0.9523364901542664,
    0.9475891590118408,
    0.9444218873977661,
    0.9432403445243835,
    0.9416158199310303,
    0.9414693713188171,
    0.9420108199119568,
    0.9412309527397156,
    0.9402827024459839,
    0.9406222701072693,
    0.9412216544151306,
    0.9424539804458618,
    0.9427405595779419,
    0.9416236877441406,
    0.9407826066017151,
    0.9411504864692688,
    0.9403142333030701,
    0.9405686259269714,
    0.940085232257843,
    0.9394124150276184
  ],
  "mape_per_horizon_pct": [
    13.66436767578125,
    16.663471221923828,
    19.527219772338867,
    21.24066734313965,
    21.856199264526367,
    22.55634307861328,
    22.985240936279297,
    23.2015438079834,
    23.533231735229492,
    23.912155151367188,
    23.71414566040039,
    23.22763442993164,
    23.621841430664062,
    23.67945671081543,
    23.861377716064453,
    23.712007522583008,
    23.50921058654785,
    23.352216720581055,
    23.537731170654297,
    23.517745971679688,
    23.552217483520508,
    23.534696578979492,
    23.665943145751953,
    24.164928436279297
  ],
  "mape_epsilon": 1.0
}