{
  "rmse_all_horizon": 48.82882308959961,
  "mae_all_horizon": 24.420042037963867,
  "r2_all_horizon": 0.9592320919036865,
  "mape_all_horizon_pct": 17.797494888305664,
  "rmse_per_horizon": [
    30.9482364654541,
    37.35055160522461,
    42.342472076416016,
    45.657291412353516,
    47.69327163696289,
    49.61671829223633,
    50.34813690185547,
    50.653629302978516,
    50.678348541259766,
    51.146034240722656,
    50.25538635253906,
    50.18782424926758,
    50.801116943359375,
    51.11028289794922,
    50.96516036987305,
    50.68632888793945,
    50.40406036376953,
    50.44426727294922,
    50.66529846191406,
    50.55853271484375,
    50.68456268310547,
    50.9979362487793,
    50.74716567993164,
    51.11635208129883
  ],
  "mae_per_horizon": [
    15.351983070373535,
    18.951507568359375,
    21.670644760131836,
    23.320598602294922,
    24.258466720581055,
    25.157379150390625,
    25.445466995239258,
    25.54490089416504,
    25.6098690032959,
    25.857372283935547,
    25.308195114135742,
    25.18286895751953,
    25.433195114135742,
    25.626291275024414,
    25.527122497558594,
    25.42849349975586,
    25.300012588500977,
    25.19396209716797,
    25.32193946838379,
    25.26390266418457,
    25.236570358276367,
    25.46259307861328,
    25.232799530029297,
    25.39423942565918
  ],
  "r2_per_horizon": [
    0.9836189150810242,
    0.9761521220207214,
    0.9693642258644104,
    0.9643938541412354,
    0.9611515402793884,
    0.9579527974128723,
    0.9567009806632996,
    0.9561717510223389,
    0.9561282396316528,
    0.955316424369812,
    0.9568620324134827,
    0.9569782614707947,
    0.9559093713760376,
    0.9553433656692505,
    0.9555623531341553,
    0.9560244679450989,
    0.9565029144287109,
    0.9564328193664551,
    0.9560531973838806,
    0.956240713596344,
    0.956023097038269,
    0.9554758071899414,
    0.9559093117713928,
    0.9552731513977051
  ],
  "mape_per_horizon_pct": [
    11.507673263549805,
    14.182835578918457,
    16.064748764038086,
    17.11482048034668,
    17.794540405273438,
    18.302886962890625,
    18.48088836669922,
    18.525875091552734,
    18.488725662231445,
    18.617877960205078,
    18.490018844604492,
    18.10260772705078,
    18.68305778503418,
    18.91432762145996,
    18.89278221130371,
    18.72520637512207,
    18.457983016967773,
    18.134536743164062,
    18.53445816040039,
    18.40097427368164,
    18.199111938476562,
    18.223548889160156,
    18.085004806518555,
    18.209569931030273
  ],
  "mape_epsilon": 1.0
}